{"name":"d77fad3f-9e33-41c9-b1e0-37bdf74af2ec","id":"/providers/Microsoft.Flow/flows/d77fad3f-9e33-41c9-b1e0-37bdf74af2ec","type":"Microsoft.Flow/flows","properties":{"apiId":"/providers/Microsoft.PowerApps/apis/shared_logicflows","displayName":"Etape4_Webinar_Envoyer_Reminder","definition":{"metadata":{"workflowEntityId":null,"processAdvisorMetadata":null,"flowclientsuspensionreason":"None","flowclientsuspensiontime":null,"creator":{"id":"d3dc116d-c328-4be7-8f35-13f33405b212","type":"User","tenantId":"045f00a5-4ee4-48be-a6c1-5b4bd6eb68a5"},"provisioningMethod":"FromDefinition","failureAlertSubscription":true,"clientLastModifiedTime":"2022-02-25T22:07:04.3053546Z"},"$schema":"https://schema.management.azure.com/providers/Microsoft.Logic/schemas/2016-06-01/workflowdefinition.json#","contentVersion":"1.0.0.0","parameters":{"$connections":{"defaultValue":{},"type":"Object"},"$authentication":{"defaultValue":{},"type":"SecureObject"}},"triggers":{"Recurrence":{"recurrence":{"frequency":"Day","interval":1,"startTime":"2022-02-25T09:00:00.000Z"},"metadata":{"operationMetadataId":"2e4a1fdd-0e54-4325-aacc-e971f06a07ea"},"type":"Recurrence"}},"actions":{"RecuperationDateEvent":{"runAfter":{"DAteWebinarAAllerChercher":["Succeeded"]},"metadata":{"operationMetadataId":"5378600a-14ab-4108-b505-d47acceb5697"},"type":"OpenApiConnection","inputs":{"host":{"apiId":"/providers/Microsoft.PowerApps/apis/shared_sharepointonline","connectionName":"shared_sharepointonline","operationId":"GetItems"},"parameters":{"dataset":"https://m365x986451.sharepoint.com/sites/List_Repository","table":"f2719e12-9114-49b9-ae3f-cd63fb4e848c","$filter":"Date_Webinar eq '@{formatDateTime(outputs('DAteWebinarAAllerChercher'),'yyyy-MM-dd')}'"},"authentication":"@parameters('$authentication')"}},"BoucleRecupTitreWebinarEnFonctionDAteDujour":{"foreach":"@outputs('RecuperationDateEvent')?['body/value']","actions":{"RecupTitreWebinar":{"runAfter":{},"metadata":{"operationMetadataId":"910f6b57-a723-4c64-bf28-fe9d32733765"},"type":"Compose","inputs":"@items('BoucleRecupTitreWebinarEnFonctionDAteDujour')?['Title']"},"RecupInfosListeDAtas":{"runAfter":{"RecupTitreWebinar":["Succeeded"]},"metadata":{"operationMetadataId":"f990ce28-a559-4c30-a3f1-72f537662ece"},"type":"OpenApiConnection","inputs":{"host":{"apiId":"/providers/Microsoft.PowerApps/apis/shared_sharepointonline","connectionName":"shared_sharepointonline","operationId":"GetItems"},"parameters":{"dataset":"https://m365x986451.sharepoint.com/sites/List_Repository","table":"da3acac5-46b9-4ba6-93fb-df2d131db9b7"},"authentication":"@parameters('$authentication')"},"description":"On récupere les infos de la base"},"Apply_to_each":{"foreach":"@outputs('RecupInfosListeDAtas')?['body/value']","actions":{"Condition":{"actions":{"Send_an_email_(V2)":{"runAfter":{},"metadata":{"operationMetadataId":"0d02b540-70d8-4fe3-ae1c-ee92378119f3"},"type":"OpenApiConnection","inputs":{"host":{"apiId":"/providers/Microsoft.PowerApps/apis/shared_office365","connectionName":"shared_office365","operationId":"SendEmailV2"},"parameters":{"emailMessage/To":"@items('Apply_to_each')?['field_9']","emailMessage/Subject":"Rappel Seminaire","emailMessage/Body":"<p>Bonjour,<br>\n<br>\nNous vous rappelons que votre séminaire @{items('Apply_to_each')?['field_3']} &nbsp;aura lieu demain.<br>\n<br>\nSi vous en pouvez pas y participer, allez sur le lien suivant et saisir l'identifiant : @{items('Apply_to_each')?['ID']}</p>"},"authentication":"@parameters('$authentication')"}}},"runAfter":{},"expression":{"equals":["@outputs('RecupTitreWebinar')","@items('Apply_to_each')?['field_3']"]},"metadata":{"operationMetadataId":"6282ff7a-a9fe-475f-9750-cdea39defc42"},"type":"If","description":"SI le nom du semainaire match"}},"runAfter":{"RecupInfosListeDAtas":["Succeeded"]},"metadata":{"operationMetadataId":"20757c9b-8297-406a-bd96-5a9594cf75a5"},"type":"Foreach"}},"runAfter":{"RecuperationDateEvent":["Succeeded"]},"metadata":{"operationMetadataId":"4e1898e6-1569-488b-be5b-8f4dfa6468b1"},"type":"Foreach"},"NombreDejoursAvantEventPOurRappel":{"runAfter":{},"metadata":{"operationMetadataId":"704c2dc0-6559-4ce2-8200-803147daeec1"},"type":"InitializeVariable","inputs":{"variables":[{"name":"STrJourAvantWebinar","type":"integer","value":2}]},"description":"Indiquer le nmbre de jour avant le event qui sera envoyé"},"DAteWebinarAAllerChercher":{"runAfter":{"NombreDejoursAvantEventPOurRappel":["Succeeded"]},"metadata":{"operationMetadataId":"df1f60ce-3679-4ec5-8af6-bc1300946d9d"},"type":"Compose","inputs":"@addDays(utcNow(),variables('STrJourAvantWebinar'))"}}},"connectionReferences":{"shared_sharepointonline":{"connectionName":"shared-sharepointonl-d15b4a4d-6492-4c9c-90f9-7a19-6b3e59b3","source":"Embedded","id":"/providers/Microsoft.PowerApps/apis/shared_sharepointonline","tier":"NotSpecified"},"shared_office365":{"connectionName":"shared-office365-3129e887-fccf-49ba-95a6-6317-2255333c","source":"Embedded","id":"/providers/Microsoft.PowerApps/apis/shared_office365","tier":"NotSpecified"}},"flowFailureAlertSubscribed":false}}