{"name":"6f422bba-040e-4de4-91a7-1d08cfba0d9d","id":"/providers/Microsoft.Flow/flows/6f422bba-040e-4de4-91a7-1d08cfba0d9d","type":"Microsoft.Flow/flows","properties":{"apiId":"/providers/Microsoft.PowerApps/apis/shared_logicflows","displayName":"Etape0_Webinar_CreationNouveauSeminaire","definition":{"metadata":{"workflowEntityId":null,"processAdvisorMetadata":null,"flowclientsuspensionreason":"None","flowclientsuspensiontime":null,"creator":{"id":"d3dc116d-c328-4be7-8f35-13f33405b212","type":"User","tenantId":"045f00a5-4ee4-48be-a6c1-5b4bd6eb68a5"},"provisioningMethod":"FromDefinition","failureAlertSubscription":true,"clientLastModifiedTime":"2022-02-24T12:26:29.1470159Z"},"$schema":"https://schema.management.azure.com/providers/Microsoft.Logic/schemas/2016-06-01/workflowdefinition.json#","contentVersion":"1.0.0.0","parameters":{"$connections":{"defaultValue":{},"type":"Object"},"$authentication":{"defaultValue":{},"type":"SecureObject"}},"triggers":{"When_a_new_response_is_submitted":{"metadata":{"operationMetadataId":"1df3adbf-845a-4f2b-9848-f32adcee89ee","flowSystemMetadata":{"swaggerOperationId":"CreateFormWebhook"}},"type":"ApiConnectionWebhook","inputs":{"host":{"connection":{"name":"@parameters('$connections')['shared_microsoftforms']['connectionId']"},"api":{"runtimeUrl":"https://unitedstates-002.azure-apim.net/apim/microsoftforms"}},"body":{"eventType":"responseAdded","notificationUrl":"@{listCallbackUrl()}","source":"ms-connector"},"path":"/formapi/api/forms/@{encodeURIComponent('pQBfBOROvkimwVtL1utopW0R3NMow-dLjzUT8zQFshJURTQzTVRFOUZZWE1DVkpLTFNOU0xPOUNKTS4u')}/webhooks","authentication":"@parameters('$authentication')"}}},"actions":{"Apply_to_each":{"foreach":"@triggerBody()?['value']","actions":{"Get_response_details":{"runAfter":{},"metadata":{"operationMetadataId":"f989b0d4-be07-4a78-bf1c-16623fa15f6a","flowSystemMetadata":{"swaggerOperationId":"GetFormResponseById"}},"type":"ApiConnection","inputs":{"host":{"connection":{"name":"@parameters('$connections')['shared_microsoftforms']['connectionId']"},"api":{"runtimeUrl":"https://unitedstates-002.azure-apim.net/apim/microsoftforms"}},"method":"get","path":"/formapi/api/forms('@{encodeURIComponent('pQBfBOROvkimwVtL1utopW0R3NMow-dLjzUT8zQFshJURTQzTVRFOUZZWE1DVkpLTFNOU0xPOUNKTS4u')}')/responses","queries":{"response_id":"@items('Apply_to_each')?['resourceData']?['responseId']"},"authentication":"@parameters('$authentication')"}},"CreationEvent":{"actions":{"CreationEntreeAgenda":{"runAfter":{},"metadata":{"operationMetadataId":"35e04416-8952-4f4a-8de4-01120bab215e","flowSystemMetadata":{"swaggerOperationId":"CreateTeamsMeeting"}},"type":"ApiConnection","inputs":{"host":{"connection":{"name":"@parameters('$connections')['shared_teams']['connectionId']"},"api":{"runtimeUrl":"https://unitedstates-002.azure-apim.net/apim/teams"}},"method":"post","body":{"subject":"Invitation au Séminaire : @{body('Get_response_details')?['re76f67f185c14775a23a05c29e34a35b']}","body":{"content":"<p>Bonjour,</p>\n<p>Nous vous invitons au séminaire : @{body('Get_response_details')?['r801bb255caac452ea4112068960be421']}</p>\n<p>Si vous souhaitez annuler pour laisser votre place, vous avez recu un mail d'explication avec un lien et un numéro personnel</p></br> ","contentType":"html"},"timeZone":"Central European Standard Time","start":{"dateTime":"@{body('Get_response_details')?['r76ec2231d72b4d579a882ff5e0287f9f']}T@{body('Get_response_details')?['r277496d692874e758beb092c2f303c36']}:00"},"end":{"dateTime":"@{body('Get_response_details')?['r76ec2231d72b4d579a882ff5e0287f9f']}T@{body('Get_response_details')?['ra84399101af345a29cbbb795176c6214']}:00"},"isOnlineMeeting":true,"onlineMeetingProvider":"teamsForBusiness","requiredAttendees":"@body('Get_response_details')?['r71c07ad211844537ac92d8451fc41917']","optionalAttendees":"@body('Get_response_details')?['responder']","location":{"displayName":"OnLine"},"reminderMinutesBeforeStart":60,"isReminderOn":true,"showAs":"busy","responseRequested":false},"path":"/v1.0/me/calendars/@{encodeURIComponent('Calendar')}/events","authentication":"@parameters('$authentication')"},"description":"ON cree l'event TEams avec le formateur et la personne qui demandé le webinar"}},"runAfter":{"Get_response_details":["Succeeded"]},"metadata":{"operationMetadataId":"b3a90325-7f7a-4a48-b7e9-329b7ae1de56"},"type":"Scope"},"AJoutDansLaBaseDeDonnée":{"runAfter":{"CreationEvent":["Succeeded"]},"metadata":{"operationMetadataId":"fd771d7d-efc5-4b2b-a4ba-a399b0e251b9","flowSystemMetadata":{"swaggerOperationId":"PostItem"}},"type":"ApiConnection","inputs":{"host":{"connection":{"name":"@parameters('$connections')['shared_sharepointonline']['connectionId']"},"api":{"runtimeUrl":"https://unitedstates-002.azure-apim.net/apim/sharepointonline"}},"method":"post","body":{"Title":"@body('Get_response_details')?['ra3b35e3c617a45ad82cc178b02fb8f57']","Date_Debut":"@body('Get_response_details')?['r277496d692874e758beb092c2f303c36']","Date_Webinar":"@body('Get_response_details')?['r76ec2231d72b4d579a882ff5e0287f9f']","Heure_Fin":"@body('Get_response_details')?['ra84399101af345a29cbbb795176c6214']","Nbr_People":"@body('Get_response_details')?['rff709eed4fc14f7c855a52909e967c64']","Attendee":0,"Titre_Webinar":"@body('Get_response_details')?['re76f67f185c14775a23a05c29e34a35b']","Description":"@body('Get_response_details')?['r801bb255caac452ea4112068960be421']","ID_Agenda":"@body('CreationEntreeAgenda')?['id']","Email_Formateur":"@body('Get_response_details')?['r71c07ad211844537ac92d8451fc41917']"},"path":"/datasets/@{encodeURIComponent(encodeURIComponent('https://m365x986451.sharepoint.com/sites/List_Repository'))}/tables/@{encodeURIComponent(encodeURIComponent('f2719e12-9114-49b9-ae3f-cd63fb4e848c'))}/items","authentication":"@parameters('$authentication')"},"description":"ON ajoute tous les éléments dans la base de donnée en mettant le compteur de personnes attendues à 0 et on ajoute surtout l'ID de la réunion que l'on vient de créer"},"Envoi_mail_au_demandeur":{"runAfter":{"AJoutDansLaBaseDeDonnée":["Succeeded"]},"metadata":{"operationMetadataId":"2ebed50d-d17e-42f8-aa40-abb1e5aa650f","flowSystemMetadata":{"swaggerOperationId":"SendEmailV2"}},"type":"ApiConnection","inputs":{"host":{"connection":{"name":"@parameters('$connections')['shared_office365']['connectionId']"},"api":{"runtimeUrl":"https://unitedstates-002.azure-apim.net/apim/office365"}},"method":"post","body":{"To":"@body('Get_response_details')?['responder']","Subject":"Confirmation de demande de nouveau webinar : @{body('Get_response_details')?['re76f67f185c14775a23a05c29e34a35b']}","Body":"<p>Bonjour,<br>\n<br>\nVous avez créé un nouveau webinar : @{body('Get_response_details')?['re76f67f185c14775a23a05c29e34a35b']}<br>\nIl aura lieu le : @{body('Get_response_details')?['r76ec2231d72b4d579a882ff5e0287f9f']}<br>\nDébutera à : @{body('Get_response_details')?['r277496d692874e758beb092c2f303c36']}<br>\nFinira à : @{body('Get_response_details')?['ra84399101af345a29cbbb795176c6214']}<br>\nDescription : @{body('Get_response_details')?['r801bb255caac452ea4112068960be421']}<br>\nNbr Max de personne : @{body('Get_response_details')?['rff709eed4fc14f7c855a52909e967c64']}<br>\nFormateur : @{body('Get_response_details')?['r71c07ad211844537ac92d8451fc41917']}<br>\n<br>\nAttention, vous devez modifier le forms central référencant toutes les formations en ajoutant la nouvelle date.<br>\n<br>\nMerci de bien respecter la case :<br>\nDate courte dans le forms de demande : @{body('Get_response_details')?['ra3b35e3c617a45ad82cc178b02fb8f57']}<br>\nLe forms se trouve sur : lien<br>\n<br>\nSI vous souhaitez modifier les informations : cliqquez sur le lien suivant<br>\n<br>\nBonne journée</p>"},"path":"/v2/Mail","authentication":"@parameters('$authentication')"},"description":"ON renvoie toutes les infos au demandeur"},"Post_adaptive_card_in_a_chat_or_channel":{"runAfter":{"Envoi_mail_au_demandeur":["Succeeded"]},"metadata":{"operationMetadataId":"b03059bf-c953-44aa-a889-961819bad519","flowSystemMetadata":{"swaggerOperationId":"PostCardToConversation"}},"type":"ApiConnection","inputs":{"host":{"connection":{"name":"@parameters('$connections')['shared_teams']['connectionId']"},"api":{"runtimeUrl":"https://unitedstates-002.azure-apim.net/apim/teams"}},"method":"post","body":{"recipient":"@{body('Get_response_details')?['responder']};","messageBody":"{\n    \"$schema\": \"http://adaptivecards.io/schemas/adaptive-card.json\",\n    \"type\": \"AdaptiveCard\",\n    \"version\": \"1.4\",\n    \"body\": [\n        {\n            \"speak\": \"Creation webinar.\",\n            \"type\": \"ColumnSet\",\n            \"columns\": [\n                {\n                    \"type\": \"Column\",\n                    \"width\": 2,\n                    \"items\": [\n                        {\n                            \"type\": \"TextBlock\",\n                            \"text\": \"Creation Webinar\",\n                            \"wrap\": true\n                        },\n                        {\n                            \"type\": \"TextBlock\",\n                            \"text\": \"Votre webinar : @{body('Get_response_details')?['re76f67f185c14775a23a05c29e34a35b']} est créé\",\n                            \"weight\": \"Bolder\",\n                            \"size\": \"ExtraLarge\",\n                            \"spacing\": \"None\",\n                            \"wrap\": true\n                        },\n                        {\n                            \"type\": \"TextBlock\",\n                            \"text\": \"Formateur : @{body('Get_response_details')?['r71c07ad211844537ac92d8451fc41917']}\",\n                            \"isSubtle\": true,\n                            \"spacing\": \"None\",\n                            \"wrap\": true\n                        },\n                        {\n                            \"type\": \"TextBlock\",\n                            \"text\": \"Il aura lieu le : @{body('Get_response_details')?['r76ec2231d72b4d579a882ff5e0287f9f']}\\n\\nDebutera à @{body('Get_response_details')?['r277496d692874e758beb092c2f303c36']}\\n\\nFinira à : @{body('Get_response_details')?['ra84399101af345a29cbbb795176c6214']}\\n\\nLa Description : @{body('Get_response_details')?['r801bb255caac452ea4112068960be421']}\\nNbr Max de personne : @{body('Get_response_details')?['rff709eed4fc14f7c855a52909e967c64']}\\n\\nAttention, vous devez modifier le forms central référencant toutes les formations en ajoutant la nouvelle date.\\n\\nMerci de bien respecter la case :\\nDate courte dans le forms de demande : @{body('Get_response_details')?['ra3b35e3c617a45ad82cc178b02fb8f57']}\\nLe forms se trouve sur : lien\\n\\nSI vous souhaitez modifier les informations : cliqquez sur le [Lien](https://m365x810710.sharepoint.com/sites/M365LP/Lists/TEAMS_CREATION/AllItems.aspx\",\n                            \"size\": \"Small\",\n                            \"wrap\": true,\n                            \"maxLines\":18                        }\n                    ]\n                },\n                {\n                    \"type\": \"Column\",\n                    \"width\": 1,\n                    \"items\": [\n                        {\n                            \"type\": \"Image\",\n                            \"altText\": \"image of beer growlers on a table\",\n                            \"url\": \"https://www.wcrinet.org/images/uploads/banners/webinar_6.jpg\"\n                        }\n                    ]\n                }\n            ]\n        }\n    ]\n}"},"path":"/v1.0/teams/conversation/adaptivecard/poster/@{encodeURIComponent('Flow bot')}/location/@{encodeURIComponent('Chat with Flow bot')}","authentication":"@parameters('$authentication')"}}},"runAfter":{},"metadata":{"operationMetadataId":"831c81fd-ad28-46e9-b430-dfd020a2bdcd"},"type":"Foreach"}},"outputs":{},"description":"Ccréation du webianr / formation dans une liste Sharepoint de référence à partir dun forms"},"connectionReferences":{"shared_microsoftforms":{"connectionName":"shared-microsoftform-d1bd1ada-4ae4-4075-b0d9-5337-6120f572","source":"Embedded","id":"/providers/Microsoft.PowerApps/apis/shared_microsoftforms","tier":"NotSpecified"},"shared_teams":{"connectionName":"shared-teams-bad68c26-1dec-4222-9e9d-c9f06a9ee579","source":"Embedded","id":"/providers/Microsoft.PowerApps/apis/shared_teams","tier":"NotSpecified"},"shared_sharepointonline":{"connectionName":"shared-sharepointonl-d15b4a4d-6492-4c9c-90f9-7a19-6b3e59b3","source":"Embedded","id":"/providers/Microsoft.PowerApps/apis/shared_sharepointonline","tier":"NotSpecified"},"shared_office365":{"connectionName":"shared-office365-d6f8ccf6-bfed-400e-9643-5d73-888d1ab9","source":"Embedded","id":"/providers/Microsoft.PowerApps/apis/shared_office365","tier":"NotSpecified"}},"flowFailureAlertSubscribed":false}}