{"name":"3892b635-71f2-41ed-87ae-48f3872d035a","id":"/providers/Microsoft.Flow/flows/3892b635-71f2-41ed-87ae-48f3872d035a","type":"Microsoft.Flow/flows","properties":{"apiId":"/providers/Microsoft.PowerApps/apis/shared_logicflows","displayName":"Etape5_Webinar_Update_Inscription","definition":{"metadata":{"workflowEntityId":null,"processAdvisorMetadata":null,"flowclientsuspensionreason":"None","flowclientsuspensiontime":null,"creator":{"id":"d3dc116d-c328-4be7-8f35-13f33405b212","type":"User","tenantId":"045f00a5-4ee4-48be-a6c1-5b4bd6eb68a5"},"provisioningMethod":"FromDefinition","failureAlertSubscription":true,"clientLastModifiedTime":"2022-02-26T23:04:39.0487472Z"},"$schema":"https://schema.management.azure.com/providers/Microsoft.Logic/schemas/2016-06-01/workflowdefinition.json#","contentVersion":"1.0.0.0","parameters":{"$connections":{"defaultValue":{},"type":"Object"},"$authentication":{"defaultValue":{},"type":"SecureObject"}},"triggers":{"When_an_item_is_created_or_modified":{"recurrence":{"frequency":"Minute","interval":1},"splitOn":"@triggerOutputs()?['body/value']","metadata":{"operationMetadataId":"480b88c2-1c54-4e8c-a15b-3bb1ce64a2b9"},"type":"OpenApiConnection","inputs":{"host":{"apiId":"/providers/Microsoft.PowerApps/apis/shared_sharepointonline","connectionName":"shared_sharepointonline","operationId":"GetOnUpdatedItems"},"parameters":{"dataset":"https://m365x986451.sharepoint.com/sites/List_Repository","table":"da3acac5-46b9-4ba6-93fb-df2d131db9b7"},"authentication":"@parameters('$authentication')"},"description":"On scanne la BDD pour voir un changement de statut s'opère"}},"actions":{"Compose":{"runAfter":{},"metadata":{"operationMetadataId":"27cd72bf-28d8-4d25-81ba-8e06b63a7d50"},"type":"Compose","inputs":"@triggerOutputs()?['body/field_17']"},"Condition":{"actions":{"Send_an_email_(V2)":{"runAfter":{},"metadata":{"operationMetadataId":"a1fe0b2e-e2af-43d8-ac26-5bc702ed97a8"},"type":"OpenApiConnection","inputs":{"host":{"apiId":"/providers/Microsoft.PowerApps/apis/shared_office365","connectionName":"shared_office365","operationId":"SendEmailV2"},"parameters":{"emailMessage/To":"@triggerOutputs()?['body/field_9']","emailMessage/Subject":"Confirmation pour le séminaire du @{triggerOutputs()?['body/field_3']}","emailMessage/Body":"<p>Bonjour @{triggerOutputs()?['body/field_8']},<br>\n<br>\nNous sommes heureux de vous compter parmis nous pour le séminiare du @{triggerOutputs()?['body/field_3']}<br>\n<br>\n<br>\nVeuillez agréer......</p>"},"authentication":"@parameters('$authentication')"},"description":"Envoie de mail de validation"},"ScanBDDPourRecupInfo":{"runAfter":{"ChangementDeStatut":["Succeeded"]},"metadata":{"operationMetadataId":"06af3aa6-7b77-42a5-a437-7f83af8c1f7f"},"type":"OpenApiConnection","inputs":{"host":{"apiId":"/providers/Microsoft.PowerApps/apis/shared_sharepointonline","connectionName":"shared_sharepointonline","operationId":"GetItems"},"parameters":{"dataset":"https://m365x986451.sharepoint.com/sites/List_Repository","table":"f2719e12-9114-49b9-ae3f-cd63fb4e848c","$filter":"Title eq '@{triggerOutputs()?['body/field_3']}'"},"authentication":"@parameters('$authentication')"},"description":"ON va scanner la BDD avec le nom du webinar pour récuperer le nombre d'inscrit et le changer"},"Apply_to_each":{"foreach":"@outputs('ScanBDDPourRecupInfo')?['body/value']","actions":{"NbrAttendee":{"runAfter":{},"metadata":{"operationMetadataId":"8fb210a5-a481-4e9f-8809-082f79156fff"},"type":"Compose","inputs":"@items('Apply_to_each')?['Attendee']"},"MAJNbrINscrit":{"runAfter":{"NbrAttendee":["Succeeded"]},"metadata":{"operationMetadataId":"afe5b138-d152-4668-8d77-d4ea690a0845"},"type":"OpenApiConnection","inputs":{"host":{"apiId":"/providers/Microsoft.PowerApps/apis/shared_sharepointonline","connectionName":"shared_sharepointonline","operationId":"PatchItem"},"parameters":{"dataset":"https://m365x986451.sharepoint.com/sites/List_Repository","table":"f2719e12-9114-49b9-ae3f-cd63fb4e848c","id":"@items('Apply_to_each')?['ID']","item/Title":"@triggerOutputs()?['body/field_3']","item/Attendee":"@add(outputs('NbrAttendee'),1)"},"authentication":"@parameters('$authentication')"},"description":"ON a recuperé le nombre d'inscrit et on ajoute 1"}},"runAfter":{"ScanBDDPourRecupInfo":["Succeeded"]},"metadata":{"operationMetadataId":"64fb52f6-cc37-4be2-bb11-7a9486bdd062"},"type":"Foreach"},"ChangementDeStatut":{"runAfter":{"Send_an_email_(V2)":["Succeeded"]},"metadata":{"operationMetadataId":"41210ae1-0ac3-407b-a820-c211996a9268"},"type":"OpenApiConnection","inputs":{"host":{"apiId":"/providers/Microsoft.PowerApps/apis/shared_sharepointonline","connectionName":"shared_sharepointonline","operationId":"PatchItem"},"parameters":{"dataset":"https://m365x986451.sharepoint.com/sites/List_Repository","table":"da3acac5-46b9-4ba6-93fb-df2d131db9b7","id":"@triggerOutputs()?['body/ID']","item/field_17":"Inscrit"},"authentication":"@parameters('$authentication')"},"description":"ON S'enregistre comme inscrit"}},"runAfter":{"Compose":["Succeeded"]},"expression":{"equals":["@triggerOutputs()?['body/field_17']","Valide"]},"metadata":{"operationMetadataId":"e6faeb83-b7e7-49f7-9ee1-71eaf71e5cfb"},"type":"If","description":"SI le statut est changé à la main à Valide on fait une action"}}},"connectionReferences":{"shared_office365":{"connectionName":"shared-office365-3129e887-fccf-49ba-95a6-6317-2255333c","source":"Embedded","id":"/providers/Microsoft.PowerApps/apis/shared_office365","tier":"NotSpecified"},"shared_sharepointonline":{"connectionName":"shared-sharepointonl-d15b4a4d-6492-4c9c-90f9-7a19-6b3e59b3","source":"Embedded","id":"/providers/Microsoft.PowerApps/apis/shared_sharepointonline","tier":"NotSpecified"}},"flowFailureAlertSubscribed":false}}