{"name":"d4b95497-c25b-4581-becd-0a5eb55e70e6","id":"/providers/Microsoft.Flow/flows/d4b95497-c25b-4581-becd-0a5eb55e70e6","type":"Microsoft.Flow/flows","properties":{"apiId":"/providers/Microsoft.PowerApps/apis/shared_logicflows","displayName":"Etape1_Webinar_Traitement_Agenda - 2","definition":{"metadata":{"workflowEntityId":null,"processAdvisorMetadata":null,"flowclientsuspensionreason":"None","flowclientsuspensiontime":null,"creator":{"id":"d3dc116d-c328-4be7-8f35-13f33405b212","type":"User","tenantId":"045f00a5-4ee4-48be-a6c1-5b4bd6eb68a5"},"provisioningMethod":"FromDefinition","failureAlertSubscription":true,"clientLastModifiedTime":"2022-02-25T13:21:27.1821283Z"},"$schema":"https://schema.management.azure.com/providers/Microsoft.Logic/schemas/2016-06-01/workflowdefinition.json#","contentVersion":"1.0.0.0","parameters":{"$connections":{"defaultValue":{},"type":"Object"},"$authentication":{"defaultValue":{},"type":"SecureObject"}},"triggers":{"When_a_new_response_is_submitted":{"metadata":{"operationMetadataId":"8cdb5d9f-266e-44d9-b8fd-6327bd2da334","flowSystemMetadata":{"swaggerOperationId":"CreateFormWebhook"}},"type":"ApiConnectionWebhook","inputs":{"host":{"connection":{"name":"@parameters('$connections')['shared_microsoftforms']['connectionId']"},"api":{"runtimeUrl":"https://unitedstates-002.azure-apim.net/apim/microsoftforms"}},"body":{"eventType":"responseAdded","notificationUrl":"@{listCallbackUrl()}","source":"ms-connector"},"path":"/formapi/api/forms/@{encodeURIComponent('pQBfBOROvkimwVtL1utopW0R3NMow-dLjzUT8zQFshJUQlFXNEtDNExVOVZGRDVDM0E1SklJN04xVS4u')}/webhooks","authentication":"@parameters('$authentication')"}}},"actions":{"BoucleGenerale":{"foreach":"@triggerBody()?['value']","actions":{"Get_response_details":{"runAfter":{},"metadata":{"operationMetadataId":"52145a12-b996-46d3-bc6b-c6b10c000efb","flowSystemMetadata":{"swaggerOperationId":"GetFormResponseById"}},"type":"ApiConnection","inputs":{"host":{"connection":{"name":"@parameters('$connections')['shared_microsoftforms']['connectionId']"},"api":{"runtimeUrl":"https://unitedstates-002.azure-apim.net/apim/microsoftforms"}},"method":"get","path":"/formapi/api/forms('@{encodeURIComponent('pQBfBOROvkimwVtL1utopW0R3NMow-dLjzUT8zQFshJUQlFXNEtDNExVOVZGRDVDM0E1SklJN04xVS4u')}')/responses","queries":{"response_id":"@items('BoucleGenerale')?['resourceData']?['responseId']"},"authentication":"@parameters('$authentication')"}},"Gestion_Nombre_Personne":{"actions":{"Recuperation_Nbr_personne_dans_liste_Reference":{"runAfter":{},"metadata":{"operationMetadataId":"64c7f0b7-52ea-44be-a60e-541d9cd52830","flowSystemMetadata":{"swaggerOperationId":"GetItems"}},"type":"ApiConnection","inputs":{"host":{"connection":{"name":"@parameters('$connections')['shared_sharepointonline']['connectionId']"},"api":{"runtimeUrl":"https://unitedstates-002.azure-apim.net/apim/sharepointonline"}},"method":"get","path":"/datasets/@{encodeURIComponent(encodeURIComponent('https://m365x986451.sharepoint.com/sites/List_Repository'))}/tables/@{encodeURIComponent(encodeURIComponent('f2719e12-9114-49b9-ae3f-cd63fb4e848c'))}/items","queries":{"$filter":"Title eq '@{body('Get_response_details')?['r505ce02ab6f24bd3a9e2bf7338b966d7']}'"},"authentication":"@parameters('$authentication')"},"description":"On va chercher dans la base la date correspondante au forms pour récuperer les infos (regarder le filter)"},"PourChaqueElementsdelabase":{"foreach":"@body('Recuperation_Nbr_personne_dans_liste_Reference')?['value']","actions":{"CheckSiWebinarExiste":{"actions":{"A_faire":{"runAfter":{},"metadata":{"operationMetadataId":"eb0400f5-edca-4f67-b2a9-a914d3a3f579"},"type":"Compose","inputs":"A vous d choisir si mail ou Teams","description":"Renvoyer une alerte aux admins comme quoi le Forms ne correspond pas à la lsite des séminaires"}},"runAfter":{},"else":{"actions":{"CheckSINbrMaxEstAtteint":{"actions":{"InscriptionDanslaBaseEnstatutstandby":{"runAfter":{"Envoi_Email_pour_liste_en_Standy":["Succeeded"]},"metadata":{"operationMetadataId":"8c0729be-8b16-4ff8-8986-a74c67162ec1","flowSystemMetadata":{"swaggerOperationId":"PostItem"}},"type":"ApiConnection","inputs":{"host":{"connection":{"name":"@parameters('$connections')['shared_sharepointonline']['connectionId']"},"api":{"runtimeUrl":"https://unitedstates-002.azure-apim.net/apim/sharepointonline"}},"method":"post","body":{"Title":"@body('Get_response_details')?['submitDate']","field_2":"@body('Get_response_details')?['responder']","field_3":"@body('Get_response_details')?['r505ce02ab6f24bd3a9e2bf7338b966d7']","field_4":"@body('Get_response_details')?['r6bf894ef323a4cf0abc00d7c526b70d6']","field_5":"@body('Get_response_details')?['rb1a87e2d971944228a11cf5d590db7a3']","field_8":"@body('Get_response_details')?['r8e39e989da9345fb8b44fc8bc60388ee']","field_9":"@body('Get_response_details')?['rdd42e104a30048eabecb9f300eb19253']","field_15":"StandBy"},"path":"/datasets/@{encodeURIComponent(encodeURIComponent('https://m365x986451.sharepoint.com/sites/List_Repository'))}/tables/@{encodeURIComponent(encodeURIComponent('da3acac5-46b9-4ba6-93fb-df2d131db9b7'))}/items","authentication":"@parameters('$authentication')"},"description":"On ajoute le user mais avec un statut standBy"},"Envoi_Email_pour_liste_en_Standy":{"runAfter":{},"metadata":{"operationMetadataId":"9da4db81-bcac-4f12-9177-0294fbcfc105","flowSystemMetadata":{"swaggerOperationId":"SendEmailV2"}},"type":"ApiConnection","inputs":{"host":{"connection":{"name":"@parameters('$connections')['shared_office365']['connectionId']"},"api":{"runtimeUrl":"https://unitedstates-002.azure-apim.net/apim/office365"}},"method":"post","body":{"To":"@body('Get_response_details')?['rdd42e104a30048eabecb9f300eb19253']","Subject":"Nombre max de personnes atteinte pour le séminaire du @{body('Get_response_details')?['r505ce02ab6f24bd3a9e2bf7338b966d7']}","Body":"<p>Bonjour @{body('Get_response_details')?['r8e39e989da9345fb8b44fc8bc60388ee']},<br>\n<br>\nNous sommes victime de notre succès car nous avons atteint le nombre max de personne pour le séminiare du @{body('Get_response_details')?['r505ce02ab6f24bd3a9e2bf7338b966d7']}<br>\nNous vous inscrivons sur une liste en attendant un désistement<br>\n<br>\nVeuillez agréer......</p>"},"path":"/v2/Mail","authentication":"@parameters('$authentication')"}}},"runAfter":{"IDMeeting":["Succeeded"]},"else":{"actions":{"InscriptionDans_la_Base":{"runAfter":{},"metadata":{"operationMetadataId":"8c0729be-8b16-4ff8-8986-a74c67162ec1","flowSystemMetadata":{"swaggerOperationId":"PostItem"}},"type":"ApiConnection","inputs":{"host":{"connection":{"name":"@parameters('$connections')['shared_sharepointonline']['connectionId']"},"api":{"runtimeUrl":"https://unitedstates-002.azure-apim.net/apim/sharepointonline"}},"method":"post","body":{"Title":"@body('Get_response_details')?['submitDate']","field_2":"@body('Get_response_details')?['responder']","field_3":"@body('Get_response_details')?['r505ce02ab6f24bd3a9e2bf7338b966d7']","field_4":"@body('Get_response_details')?['r6bf894ef323a4cf0abc00d7c526b70d6']","field_5":"@body('Get_response_details')?['rb1a87e2d971944228a11cf5d590db7a3']","field_8":"@body('Get_response_details')?['r8e39e989da9345fb8b44fc8bc60388ee']","field_9":"@body('Get_response_details')?['rdd42e104a30048eabecb9f300eb19253']","field_15":"Inscrit"},"path":"/datasets/@{encodeURIComponent(encodeURIComponent('https://m365x986451.sharepoint.com/sites/List_Repository'))}/tables/@{encodeURIComponent(encodeURIComponent('da3acac5-46b9-4ba6-93fb-df2d131db9b7'))}/items","authentication":"@parameters('$authentication')"},"description":"On met à jour la base"},"Envoi_Email_pour_OK":{"runAfter":{"InscriptionDans_la_Base":["Succeeded"]},"metadata":{"operationMetadataId":"88e9808e-2fca-48ee-bc42-4180061dc3fa","flowSystemMetadata":{"swaggerOperationId":"SendEmailV2"}},"type":"ApiConnection","inputs":{"host":{"connection":{"name":"@parameters('$connections')['shared_office365']['connectionId']"},"api":{"runtimeUrl":"https://unitedstates-002.azure-apim.net/apim/office365"}},"method":"post","body":{"To":"@body('Get_response_details')?['rdd42e104a30048eabecb9f300eb19253']","Subject":"Confirmation pour le séminaire du @{body('Get_response_details')?['r505ce02ab6f24bd3a9e2bf7338b966d7']}","Body":"<p>Bonjour @{body('Get_response_details')?['r8e39e989da9345fb8b44fc8bc60388ee']},<br>\n<br>\nNous sommes heureux de vous compter parmis nous pour le séminiare du @{body('Get_response_details')?['r505ce02ab6f24bd3a9e2bf7338b966d7']}<br>\nSi vous souhaitez annuler : aller sur ce lien et indiquer votre identiant suivant : @{body('InscriptionDans_la_Base')?['ID']}<br>\n<br>\nVeuillez agréer......</p>"},"path":"/v2/Mail","authentication":"@parameters('$authentication')"}},"MiseAjourNbrInscrit":{"runAfter":{"Update_event_(V4)":["Succeeded"]},"metadata":{"operationMetadataId":"a2c87c95-33d6-4438-8ea9-236e52ab4252","flowSystemMetadata":{"swaggerOperationId":"PatchItem"}},"type":"ApiConnection","inputs":{"host":{"connection":{"name":"@parameters('$connections')['shared_sharepointonline']['connectionId']"},"api":{"runtimeUrl":"https://unitedstates-002.azure-apim.net/apim/sharepointonline"}},"method":"patch","body":{"Title":"@body('Get_response_details')?['r505ce02ab6f24bd3a9e2bf7338b966d7']","field_6":"@{variables('NbrPersInscrite')}"},"path":"/datasets/@{encodeURIComponent(encodeURIComponent('https://m365x986451.sharepoint.com/sites/List_Repository'))}/tables/@{encodeURIComponent(encodeURIComponent('da3acac5-46b9-4ba6-93fb-df2d131db9b7'))}/items/@{encodeURIComponent(outputs('RecupIDReferenceSeminaire'))}","authentication":"@parameters('$authentication')"},"description":"On met à jour avec le nombre d'inscrit (avec moi)"},"Update_event_(V4)":{"runAfter":{"Get_event_(V3)":["Succeeded"]},"metadata":{"operationMetadataId":"0eb63be2-6543-4652-bead-55be9693e749","flowSystemMetadata":{"swaggerOperationId":"V4CalendarPatchItem"}},"type":"ApiConnection","inputs":{"host":{"connection":{"name":"@parameters('$connections')['shared_office365']['connectionId']"},"api":{"runtimeUrl":"https://unitedstates-002.azure-apim.net/apim/office365"}},"method":"patch","body":{"subject":"Invitation au Séminaire : @{body('Get_response_details')?['r505ce02ab6f24bd3a9e2bf7338b966d7']}","start":"@body('Get_event_(V3)')?['start']","end":"@body('Get_event_(V3)')?['end']","timeZone":"(UTC+01:00) Brussels, Copenhagen, Madrid, Paris","requiredAttendees":"@{body('Get_event_(V3)')?['requiredAttendees']};@{body('Get_response_details')?['rdd42e104a30048eabecb9f300eb19253']}","body":"<p>@{body('Get_event_(V3)')?['body']}</p>","location":"Online","reminderMinutesBeforeStart":60,"isReminderOn":true,"showAs":"busy","responseRequested":false},"path":"/datasets/calendars/v4/tables/@{encodeURIComponent(encodeURIComponent('AAMkAGUzMzAwMWU1LWMzYTMtNDViYS04MzNjLTJmYjI5YTI2MWMzMwBGAAAAAABp3XdZidfVTa6xTKJ32GKeBwDohVD3kJ1bQrlxWENHWeToAAAAAAEGAADohVD3kJ1bQrlxWENHWeToAAAAAI20AAA='))}/items/@{encodeURIComponent(encodeURIComponent(outputs('IDMeeting')))}","authentication":"@parameters('$authentication')"},"description":"On met à jour l'event"},"Get_event_(V3)":{"runAfter":{"Envoi_Email_pour_OK":["Succeeded"]},"metadata":{"operationMetadataId":"3fa71a48-e97c-4e35-a176-c47b55d71d2c","flowSystemMetadata":{"swaggerOperationId":"V3CalendarGetItem"}},"type":"ApiConnection","inputs":{"host":{"connection":{"name":"@parameters('$connections')['shared_office365']['connectionId']"},"api":{"runtimeUrl":"https://unitedstates-002.azure-apim.net/apim/office365"}},"method":"get","path":"/datasets/calendars/v3/tables/@{encodeURIComponent(encodeURIComponent('AAMkAGUzMzAwMWU1LWMzYTMtNDViYS04MzNjLTJmYjI5YTI2MWMzMwBGAAAAAABp3XdZidfVTa6xTKJ32GKeBwDohVD3kJ1bQrlxWENHWeToAAAAAAEGAADohVD3kJ1bQrlxWENHWeToAAAAAI20AAA='))}/items/@{encodeURIComponent(encodeURIComponent(outputs('IDMeeting')))}","authentication":"@parameters('$authentication')"},"description":"On récupere les infos du meeting à partir de l'ID que nous avons ds la liste SPO"}}},"expression":{"greater":["@variables('NbrPersInscrite')","@variables('NbrPersMax')"]},"metadata":{"operationMetadataId":"f00fb766-cd51-4cd1-b9aa-960b55ec886a"},"type":"If","description":"Si le nbr max est atteint, c'est qu'il n'y a plus de place"},"RecupNombreMax":{"runAfter":{"RecupNbrMaxParticipants":["Succeeded"]},"metadata":{"operationMetadataId":"3f2550a5-1de9-4f9c-957f-cbae7c9b766d"},"type":"Compose","inputs":"@items('PourChaqueElementsdelabase')?['Nbr_People']"},"NombrePersonneINscriteAvecMoi":{"runAfter":{"RecupNbrMaxpeople":["Succeeded"]},"metadata":{"operationMetadataId":"67a787f7-ab8e-46a8-a265-5323d529a242"},"type":"IncrementVariable","inputs":{"name":"NbrPersInscrite","value":"@add(outputs('RecupNbrDePersonnesInscrites'),1)"},"description":"On recupere le nbr d'inscrit et on s'ajoute (+1)"},"RecupNbrMaxParticipants":{"runAfter":{"NombrePersonneINscriteAvecMoi":["Succeeded"]},"metadata":{"operationMetadataId":"7cee3cc8-4daa-4376-8ce1-061539425d27"},"type":"SetVariable","inputs":{"name":"NbrPersMax","value":"@outputs('RecupNbrMaxpeople')"},"description":"On recupere le nombre d'inscrit max en capacite"},"RecupIDReferenceSeminaire":{"runAfter":{"RecupNombreMax":["Succeeded"]},"metadata":{"operationMetadataId":"22c3c783-e749-42cc-9370-53c47e5ed458"},"type":"Compose","inputs":"@items('PourChaqueElementsdelabase')?['ID']","description":"On recupere l'ID pour la mise à jour du nombre de participant"},"RecupNbrDePersonnesInscrites":{"runAfter":{},"metadata":{"operationMetadataId":"7c930b63-640c-4458-bbed-bbe4a443b2a8"},"type":"Compose","inputs":"@items('PourChaqueElementsdelabase')?['Attendee']"},"RecupNbrMaxpeople":{"runAfter":{"RecupNbrDePersonnesInscrites":["Succeeded"]},"metadata":{"operationMetadataId":"5ef59638-5410-4da1-85ac-91e17dfa9011"},"type":"Compose","inputs":"@items('PourChaqueElementsdelabase')?['Nbr_People']"},"IDMeeting":{"runAfter":{"RecupIDReferenceSeminaire":["Succeeded"]},"metadata":{"operationMetadataId":"ef43c8bd-6273-4442-a241-15e51bfbf012"},"type":"Compose","inputs":"@items('PourChaqueElementsdelabase')?['ID_Agenda']"}}},"expression":{"equals":["@empty(body('Recuperation_Nbr_personne_dans_liste_Reference')?['value'])","@true"]},"metadata":{"operationMetadataId":"89452bf0-d21e-437e-89a3-04c1c6fd2b93"},"type":"If","description":"On rajoute un filtre pour etre sur que si un seminaire n'existe pas dans la base on fait qq chose (envoyer un mail...)"}},"runAfter":{"Recuperation_Nbr_personne_dans_liste_Reference":["Succeeded"]},"metadata":{"operationMetadataId":"e828f268-07ae-4527-917f-2a2f67c60475"},"type":"Foreach"}},"runAfter":{"Get_response_details":["Succeeded"]},"metadata":{"operationMetadataId":"0e7b3130-41c6-4844-9e95-001436f930b1"},"type":"Scope"}},"runAfter":{"NbrPersonneMax":["Succeeded"]},"metadata":{"operationMetadataId":"bfe053ba-5f38-42d2-8279-d4729af8efac"},"type":"Foreach"},"NbrPersonneInscrite":{"runAfter":{},"metadata":{"operationMetadataId":"3afdb4d5-ea20-4bb4-9f74-25783e353973"},"type":"InitializeVariable","inputs":{"variables":[{"name":"NbrPersInscrite","type":"float"}]},"description":"Variable pour récupérerle nbr de personnes inscrites à partir de la liste de référence"},"NbrPersonneMax":{"runAfter":{"NbrPersonneInscrite":["Succeeded"]},"metadata":{"operationMetadataId":"0e3388a6-1c43-4e3c-8456-b63afc170a63"},"type":"InitializeVariable","inputs":{"variables":[{"name":"NbrPersMax","type":"float"}]},"description":"Variable pour donner le nbr de personnes max du seminaire à partir de la liste de référence"}},"outputs":{},"description":"A partir d'un forms,  et d'une liste de référence qui contient les informations des webinar, on enregistre le deisrata de formation et on renvoie les infs si il y a de la place ou non"},"connectionReferences":{"shared_microsoftforms":{"connectionName":"shared-microsoftform-d1bd1ada-4ae4-4075-b0d9-5337-6120f572","source":"Embedded","id":"/providers/Microsoft.PowerApps/apis/shared_microsoftforms","tier":"NotSpecified"},"shared_sharepointonline":{"connectionName":"shared-sharepointonl-d15b4a4d-6492-4c9c-90f9-7a19-6b3e59b3","source":"Embedded","id":"/providers/Microsoft.PowerApps/apis/shared_sharepointonline","tier":"NotSpecified"},"shared_office365":{"connectionName":"shared-office365-3129e887-fccf-49ba-95a6-6317-2255333c","source":"Embedded","id":"/providers/Microsoft.PowerApps/apis/shared_office365","tier":"NotSpecified"}},"flowFailureAlertSubscribed":false}}