{"name":"0a7a4f1f-0ec0-4ee8-9f1e-a805c2e0011f","id":"/providers/Microsoft.Flow/flows/0a7a4f1f-0ec0-4ee8-9f1e-a805c2e0011f","type":"Microsoft.Flow/flows","properties":{"apiId":"/providers/Microsoft.PowerApps/apis/shared_logicflows","displayName":"Etape2_Webinar_Annulation","definition":{"metadata":{"workflowEntityId":null,"processAdvisorMetadata":null,"flowclientsuspensionreason":"None","flowclientsuspensiontime":null,"creator":{"id":"d3dc116d-c328-4be7-8f35-13f33405b212","type":"User","tenantId":"045f00a5-4ee4-48be-a6c1-5b4bd6eb68a5"},"provisioningMethod":"FromDefinition","failureAlertSubscription":true,"clientLastModifiedTime":"2022-02-25T19:38:08.9676513Z"},"$schema":"https://schema.management.azure.com/providers/Microsoft.Logic/schemas/2016-06-01/workflowdefinition.json#","contentVersion":"1.0.0.0","parameters":{"$connections":{"defaultValue":{},"type":"Object"},"$authentication":{"defaultValue":{},"type":"SecureObject"}},"triggers":{"When_a_new_response_is_submitted":{"metadata":{"operationMetadataId":"fc65c63b-f5a0-4560-926c-a76a9f26fe9b","flowSystemMetadata":{"swaggerOperationId":"CreateFormWebhook"}},"type":"ApiConnectionWebhook","inputs":{"host":{"connection":{"name":"@parameters('$connections')['shared_microsoftforms']['connectionId']"},"api":{"runtimeUrl":"https://unitedstates-002.azure-apim.net/apim/microsoftforms"}},"body":{"eventType":"responseAdded","notificationUrl":"@{listCallbackUrl()}","source":"ms-connector"},"path":"/formapi/api/forms/@{encodeURIComponent('pQBfBOROvkimwVtL1utopW0R3NMow-dLjzUT8zQFshJUN01CN1BUN09SMEVGUklLM044NTc0VE44Si4u')}/webhooks","authentication":"@parameters('$authentication')"},"description":"Le participant rentre dans le FORMS  le numero qui lui est fourni par mail pour annuler son RDV"}},"actions":{"Apply_to_each":{"foreach":"@triggerBody()?['value']","actions":{"Get_response_details":{"runAfter":{},"metadata":{"operationMetadataId":"868cdcaf-fc90-4974-bdeb-bfca00e5107b","flowSystemMetadata":{"swaggerOperationId":"GetFormResponseById"}},"type":"ApiConnection","inputs":{"host":{"connection":{"name":"@parameters('$connections')['shared_microsoftforms']['connectionId']"},"api":{"runtimeUrl":"https://unitedstates-002.azure-apim.net/apim/microsoftforms"}},"method":"get","path":"/formapi/api/forms('@{encodeURIComponent('pQBfBOROvkimwVtL1utopW0R3NMow-dLjzUT8zQFshJUN01CN1BUN09SMEVGUklLM044NTc0VE44Si4u')}')/responses","queries":{"response_id":"@items('Apply_to_each')?['resourceData']?['responseId']"},"authentication":"@parameters('$authentication')"}},"RecupIDDuForms":{"runAfter":{"Get_response_details":["Succeeded"]},"metadata":{"operationMetadataId":"393be991-91e5-4b5f-84eb-4e47736a0499"},"type":"Compose","inputs":"@body('Get_response_details')?['r143ecdfa19724899b8bbf88355d509d3']","description":"ON recupere l'ID saisi ds le Forms"},"Update_item":{"runAfter":{"RecupIDDuForms":["Succeeded"]},"metadata":{"operationMetadataId":"13dc7a8e-49fd-45f9-bf19-d52dada60cec","flowSystemMetadata":{"swaggerOperationId":"PatchItem"}},"type":"ApiConnection","inputs":{"host":{"connection":{"name":"@parameters('$connections')['shared_sharepointonline']['connectionId']"},"api":{"runtimeUrl":"https://unitedstates-002.azure-apim.net/apim/sharepointonline"}},"method":"patch","body":{"field_17":"Annulation"},"path":"/datasets/@{encodeURIComponent(encodeURIComponent('https://m365x986451.sharepoint.com/sites/List_Repository'))}/tables/@{encodeURIComponent(encodeURIComponent('da3acac5-46b9-4ba6-93fb-df2d131db9b7'))}/items/@{encodeURIComponent(outputs('RecupIDDuForms'))}","authentication":"@parameters('$authentication')"},"description":"Mise à jour de la base avec le statut Annulation mais si cela ne fonctionne pas car l'ID est faux, on envoie un mail"},"Compose":{"runAfter":{"Update_item":["Failed"]},"metadata":{"operationMetadataId":"393be991-91e5-4b5f-84eb-4e47736a0499"},"type":"Compose","inputs":"Error"},"Compose_2":{"runAfter":{"Update_item":["Succeeded"]},"metadata":{"operationMetadataId":"d1ebc0a5-9e84-453b-85c8-eb508c4981e1"},"type":"Compose","inputs":"OK"},"Mail_Confirmation":{"runAfter":{"Compose_2":["Succeeded"]},"metadata":{"operationMetadataId":"5bc6f60d-0b8e-4519-8137-7abed69793b9","flowSystemMetadata":{"swaggerOperationId":"SendEmailV2"}},"type":"ApiConnection","inputs":{"host":{"connection":{"name":"@parameters('$connections')['shared_office365']['connectionId']"},"api":{"runtimeUrl":"https://unitedstates-002.azure-apim.net/apim/office365"}},"method":"post","body":{"To":"@body('Get_response_details')?['responder']","Subject":"Annulation webinar","Body":"<p>Bonjour,<br>\n<br>\nVotre demande d'annulation du webinar : @{body('Update_item')?['field_3']} a été prise en compte.<br>\nSi vous avez le temps, merci de répondre à ce survey : Lien<br>\nBonne Journée</p>"},"path":"/v2/Mail","authentication":"@parameters('$authentication')"},"description":"On envoie un message car l'ID est OK"},"Alerte":{"runAfter":{"Compose":["Succeeded"]},"metadata":{"operationMetadataId":"bcb7b7a4-b687-4e3b-9fa3-2f2844272105","flowSystemMetadata":{"swaggerOperationId":"SendEmailV2"}},"type":"ApiConnection","inputs":{"host":{"connection":{"name":"@parameters('$connections')['shared_office365']['connectionId']"},"api":{"runtimeUrl":"https://unitedstates-002.azure-apim.net/apim/office365"}},"method":"post","body":{"To":"@body('Get_response_details')?['responder']","Subject":"Votre demande d'annulation n'a pas été prise en compte","Body":"<p>Bonjour,<br>\n<br>\nVotre demande d'annulation du webinar : @{body('Update_item')?['field_3']} n'a pas été prise en compte car vous vous êtes trompés dans le numéro indiqué<br>\nMerci de recommencer<br>\nBonne Journée</p>"},"path":"/v2/Mail","authentication":"@parameters('$authentication')"},"description":"ON envoie une alerte comme quoi l'ID est mauvais"},"MAJNbrInscrits":{"actions":{"RecuperationNbrUSers":{"runAfter":{},"metadata":{"operationMetadataId":"490ce760-c483-494b-92f0-50b1c8e46e7f","flowSystemMetadata":{"swaggerOperationId":"GetItems"}},"type":"ApiConnection","inputs":{"host":{"connection":{"name":"@parameters('$connections')['shared_sharepointonline']['connectionId']"},"api":{"runtimeUrl":"https://unitedstates-002.azure-apim.net/apim/sharepointonline"}},"method":"get","path":"/datasets/@{encodeURIComponent(encodeURIComponent('https://m365x986451.sharepoint.com/sites/List_Repository'))}/tables/@{encodeURIComponent(encodeURIComponent('f2719e12-9114-49b9-ae3f-cd63fb4e848c'))}/items","queries":{"$filter":"Title eq '@{body('Update_item')?['field_3']}'"},"authentication":"@parameters('$authentication')"},"description":"ON scanne la liste BDD pour chercher le titre du webianr et recuperer le nombre de personnes"},"Apply_to_each_2":{"foreach":"@body('RecuperationNbrUSers')?['value']","actions":{"RecupNbrUsers":{"runAfter":{},"metadata":{"operationMetadataId":"e3bfc1d0-80f4-4a75-882a-732aea06a6cd"},"type":"Compose","inputs":"@items('Apply_to_each_2')?['Attendee']"},"MiseAJour":{"runAfter":{"RecupNbrUsers":["Succeeded"]},"metadata":{"operationMetadataId":"f4709710-ddfe-4b52-ba87-00143f564704","flowSystemMetadata":{"swaggerOperationId":"PatchItem"}},"type":"ApiConnection","inputs":{"host":{"connection":{"name":"@parameters('$connections')['shared_sharepointonline']['connectionId']"},"api":{"runtimeUrl":"https://unitedstates-002.azure-apim.net/apim/sharepointonline"}},"method":"patch","body":{"Title":"@items('Apply_to_each_2')?['Title']","Attendee":"@add(outputs('RecupNbrUsers'),-1)"},"path":"/datasets/@{encodeURIComponent(encodeURIComponent('https://m365x986451.sharepoint.com/sites/List_Repository'))}/tables/@{encodeURIComponent(encodeURIComponent('f2719e12-9114-49b9-ae3f-cd63fb4e848c'))}/items/@{encodeURIComponent(items('Apply_to_each_2')?['ID'])}","authentication":"@parameters('$authentication')"}}},"runAfter":{"RecuperationNbrUSers":["Succeeded"]},"metadata":{"operationMetadataId":"4e6ad7b5-c796-44c9-9b54-675bce9c356d"},"type":"Foreach"}},"runAfter":{"Mail_Confirmation":["Succeeded"]},"metadata":{"operationMetadataId":"8f8f4ffa-f939-4369-a80d-f9eb098ff084"},"type":"Scope"}},"runAfter":{},"metadata":{"operationMetadataId":"9518a3f0-96f6-4690-a0eb-869498ba901e"},"type":"Foreach"}},"outputs":{},"description":"Receive an email notification when a student completes a quiz on Microsoft Forms. This flow will also store the form response in a Sharepoint List."},"connectionReferences":{"shared_microsoftforms":{"connectionName":"shared-microsoftform-d1bd1ada-4ae4-4075-b0d9-5337-6120f572","source":"Embedded","id":"/providers/Microsoft.PowerApps/apis/shared_microsoftforms","tier":"NotSpecified"},"shared_sharepointonline":{"connectionName":"shared-sharepointonl-d15b4a4d-6492-4c9c-90f9-7a19-6b3e59b3","source":"Embedded","id":"/providers/Microsoft.PowerApps/apis/shared_sharepointonline","tier":"NotSpecified"},"shared_office365":{"connectionName":"shared-office365-d6f8ccf6-bfed-400e-9643-5d73-888d1ab9","source":"Embedded","id":"/providers/Microsoft.PowerApps/apis/shared_office365","tier":"NotSpecified"}},"flowFailureAlertSubscribed":false}}